"전출지별","전입지별",2013,2013,2014,2014,2015,2015,2016,2016,2017,2017,2018,2018
"전출지별","전입지별",이동자수 (명),순이동자수 (명),이동자수 (명),순이동자수 (명),이동자수 (명),순이동자수 (명),이동자수 (명),순이동자수 (명),이동자수 (명),순이동자수 (명),이동자수 (명),순이동자수 (명)
"전국","전국",7411784,0,7629098,0,7755286,0,7378430,0,7154226,0,7297099,0
"전국","서울특별시",1520090,-100550,1573594,-87831,1589431,-137256,1515602,-140257,1472937,-98486,1439707,-110230
"전국","부산광역시",478451,-17710,485710,-15092,507031,-13560,459015,-21392,439073,-28398,416095,-26759
"전국","대구광역시",351873,-11351,350213,-15526,351424,-12940,328228,-9260,321182,-11936,321158,-14242
"전국","인천광역시",461613,22035,452297,9324,473223,9538,441646,5777,409465,-1670,433639,-67
"전국","광주광역시",226696,-2592,243066,-2977,224603,-9272,213176,-7898,208138,-8118,218892,-6216
"전국","대전광역시",230858,311,239559,-8838,220774,-20616,219252,-10631,211449,-16175,212879,-14753
"전국","울산광역시",159492,2307,176015,2786,170393,-80,148190,-7622,135199,-11917,127922,-12654
"전국","세종특별자치시",23805,8696,56526,33456,83994,53044,65052,29816,82073,34690,86433,31433
"전국","경기도",1895434,74131,1891775,57396,1993080,94768,1958593,133617,1888324,116162,2041715,170094
"전국","강원도",217917,2986,228369,2085,227125,4773,223484,1892,211653,2035,216398,-3854
"전국","충청북도",215973,3113,215944,2367,214626,1438,202679,5011,197177,2262,218886,5149
"전국","충청남도",281428,13375,289627,9810,289952,10272,286764,15318,288738,19401,292305,10084
"전국","전라북도",258198,-2197,274337,-2563,261832,-2830,248188,-4419,232047,-7206,243324,-13773
"전국","전라남도",244329,-2306,260278,-596,250104,3936,234132,-3205,227504,-3047,224384,-8030
"전국","경상북도",329118,-1865,337041,-988,344730,-577,315652,-3151,311061,-5581,309446,-9225
"전국","경상남도",427658,3794,462239,6075,455384,5105,411952,1772,413179,3979,389714,-5810
"전국","제주특별자치도",88851,7823,92508,11112,97580,14257,106825,14632,105027,14005,104202,8853
"서울특별시","전국",1620640,100550,1661425,87831,1726687,137256,1655859,140257,1571423,98486,1549937,110230
"서울특별시","서울특별시",1053008,0,1098023,0,1129529,0,1061915,0,1018807,0,979576,0
"서울특별시","부산광역시",16153,-3468,17320,-3296,17009,-2432,15062,-4174,14484,-4976,13093,-6644
"서울특별시","대구광역시",10631,-3042,10062,-3673,10191,-2847,9623,-3179,8891,-4120,8446,-5303
"서울특별시","인천광역시",47424,14407,43212,8832,44915,11345,43745,11259,40485,7957,41233,8818
"서울특별시","광주광역시",9129,-1835,9759,-1759,9216,-1644,8354,-2078,7932,-2629,7378,-3481
"서울특별시","대전광역시",13440,-716,13403,-769,13453,-106,12619,-1107,11815,-2303,11591,-2630
"서울특별시","울산광역시",5542,-805,6047,-411,5950,-1004,5102,-1648,4260,-2448,4086,-2763
"서울특별시","세종특별자치시",2851,1756,6481,4984,7550,5322,5943,3131,5813,2618,5861,2137
"서울특별시","경기도",340801,94337,332785,83084,359337,119780,370760,136403,342433,107985,368536,135216
"서울특별시","강원도",20601,647,21173,999,22659,2629,21590,1713,21016,1255,19558,-859
"서울특별시","충청북도",13783,574,14244,953,14379,1182,14087,1055,13302,341,13406,-377
"서울특별시","충청남도",21486,1806,21473,1632,22299,3155,21741,3015,21020,2438,20426,999
"서울특별시","전라북도",14909,-586,14566,-1336,14835,5,13835,-1158,13179,-1751,11989,-3675
"서울특별시","전라남도",14187,-408,14591,-16,14598,714,13065,-1503,12426,-1239,11209,-2706
"서울특별시","경상북도",14420,-2141,14456,-2340,15113,-1365,14236,-1851,12464,-3217,12017,-4442
"서울특별시","경상남도",14447,-2394,14799,-2345,15220,-1561,13717,-3452,12692,-4620,11703,-6169
"서울특별시","제주특별자치도",7828,2418,9031,3292,10434,4083,10465,3831,10404,3195,9829,2109
"부산광역시","전국",496161,17710,500802,15092,520591,13560,480407,21392,467471,28398,442854,26759
"부산광역시","서울특별시",19621,3468,20616,3296,19441,2432,19236,4174,19460,4976,19737,6644
"부산광역시","부산광역시",358352,0,353282,0,376345,0,340521,0,321606,0,308712,0
"부산광역시","대구광역시",5027,-516,5300,-857,4553,-629,4616,-244,4506,-334,4505,-200
"부산광역시","인천광역시",2986,309,3143,55,3185,255,3092,476,2994,374,2902,795
"부산광역시","광주광역시",1047,-110,1856,189,1195,-223,1100,-164,1073,-62,1011,-106
"부산광역시","대전광역시",2125,139,2150,-40,2209,155,2211,404,2159,397,2180,572
"부산광역시","울산광역시",11600,1011,12305,1215,11810,555,10015,-231,9423,-1044,9076,-591
"부산광역시","세종특별자치시",261,77,480,245,929,565,855,512,862,419,943,413
"부산광역시","경기도",15931,1670,16623,804,16441,1468,16401,2916,15837,2984,16705,4801
"부산광역시","강원도",2158,138,2085,-98,2305,-28,2104,-63,2221,193,1943,8
"부산광역시","충청북도",1736,171,1968,36,2023,266,1877,318,2050,390,1980,574
"부산광역시","충청남도",2909,581,3664,744,3164,616,3160,950,3242,939,3053,967
"부산광역시","전라북도",1519,48,1600,-21,1680,-51,1604,22,1566,21,1333,-11
"부산광역시","전라남도",3367,219,3277,-1,3586,278,3380,101,3269,85,3369,292
"부산광역시","경상북도",9776,567,10464,-50,10768,295,9400,116,9096,200,8763,174
"부산광역시","경상남도",55750,9518,59858,9186,58222,6644,57887,11010,65114,17896,53816,11581
"부산광역시","제주특별자치도",1996,420,2131,389,2735,962,2948,1095,2993,964,2826,846
"대구광역시","전국",363224,11351,365739,15526,364364,12940,337488,9260,333118,11936,335400,14242
"대구광역시","서울특별시",13673,3042,13735,3673,13038,2847,12802,3179,13011,4120,13749,5303
"대구광역시","부산광역시",5543,516,6157,857,5182,629,4860,244,4840,334,4705,200
"대구광역시","대구광역시",258107,0,252642,0,259185,0,240722,0,236143,0,235621,0
"대구광역시","인천광역시",2202,407,2015,281,1987,296,1962,411,1930,340,1968,466
"대구광역시","광주광역시",622,-54,902,156,629,82,547,-30,515,-132,549,-65
"대구광역시","대전광역시",2219,457,2254,436,2085,418,1949,239,1978,454,2067,542
"대구광역시","울산광역시",3833,551,3835,560,3675,486,3266,50,2604,-731,2601,-455
"대구광역시","세종특별자치시",233,124,526,334,879,660,642,379,827,487,887,510
"대구광역시","경기도",13659,2650,12813,1852,12322,2279,11918,2291,12354,3482,13227,4307
"대구광역시","강원도",1820,119,1884,335,1884,149,1748,-70,1657,121,1676,33
"대구광역시","충청북도",1958,265,2026,210,1957,507,1771,254,1824,381,2017,567
"대구광역시","충청남도",2599,561,2682,525,2509,510,2323,543,2578,824,2510,773
"대구광역시","전라북도",985,-33,996,116,940,79,920,27,911,95,840,-23
"대구광역시","전라남도",948,-38,985,64,953,80,907,-52,897,-8,984,-37
"대구광역시","경상북도",45035,2259,51852,4808,46900,3072,41444,1939,41714,2483,42744,2499
"대구광역시","경상남도",8941,298,9374,889,8922,263,8313,-715,7704,-942,7684,-917
"대구광역시","제주특별자치도",847,227,1061,430,1317,583,1394,571,1631,628,1571,539
"인천광역시","전국",439578,-22035,442973,-9324,463685,-9538,435869,-5777,411135,1670,433706,67
"인천광역시","서울특별시",33017,-14407,34380,-8832,33570,-11345,32486,-11259,32528,-7957,32415,-8818
"인천광역시","부산광역시",2677,-309,3088,-55,2930,-255,2616,-476,2620,-374,2107,-795
"인천광역시","대구광역시",1795,-407,1734,-281,1691,-296,1551,-411,1590,-340,1502,-466
"인천광역시","인천광역시",297446,0,295375,0,314622,0,290783,0,266394,0,287236,0
"인천광역시","광주광역시",1939,-170,2007,-3,1894,-273,1762,-318,1518,-482,1451,-542
"인천광역시","대전광역시",2673,11,2736,115,2756,240,2616,153,2552,94,2263,-314
"인천광역시","울산광역시",1289,235,1083,-2,1359,110,1080,-55,962,-71,778,-317
"인천광역시","세종특별자치시",592,280,990,668,1496,1045,1398,861,1265,633,1125,354
"인천광역시","경기도",63331,-11148,65903,-5651,66353,-5160,66764,900,67838,6041,72932,9571
"인천광역시","강원도",5573,502,5549,401,5904,846,5598,518,5396,733,5125,293
"인천광역시","충청북도",4172,743,4210,753,4624,1115,4303,995,4051,635,4191,797
"인천광역시","충청남도",8752,1959,8964,2180,9101,2465,8728,2321,8730,2479,8194,1829
"인천광역시","전라북도",3577,-294,3745,157,3581,186,3756,341,3502,-14,3087,-637
"인천광역시","전라남도",3751,269,3848,291,3876,380,3523,-14,3205,-261,3089,-420
"인천광역시","경상북도",3944,171,3950,12,3982,209,3589,32,3352,-136,3173,-489
"인천광역시","경상남도",3330,-23,3470,204,3670,206,2941,-326,2919,-471,2712,-567
"인천광역시","제주특별자치도",1720,553,1941,719,2276,989,2375,961,2713,1161,2326,588
"광주광역시","전국",229288,2592,246043,2977,233875,9272,221074,7898,216256,8118,225108,6216
"광주광역시","서울특별시",10964,1835,11518,1759,10860,1644,10432,2078,10561,2629,10859,3481
"광주광역시","부산광역시",1157,110,1667,-189,1418,223,1264,164,1135,62,1117,106
"광주광역시","대구광역시",676,54,746,-156,547,-82,577,30,647,132,614,65
"광주광역시","인천광역시",2109,170,2010,3,2167,273,2080,318,2000,482,1993,542
"광주광역시","광주광역시",155265,0,164321,0,150777,0,145582,0,142174,0,149703,0
"광주광역시","대전광역시",1610,363,1665,417,1481,160,1537,448,1383,357,1475,340
"광주광역시","울산광역시",448,69,518,112,538,56,398,-18,322,-70,342,-67
"광주광역시","세종특별자치시",239,128,593,398,926,690,706,469,777,451,897,583
"광주광역시","경기도",10895,1044,11972,1221,10788,1465,10004,1772,9812,2073,10740,3323
"광주광역시","강원도",899,94,954,126,1029,84,827,76,859,129,730,19
"광주광역시","충청북도",782,66,945,41,970,259,848,201,910,230,1028,299
"광주광역시","충청남도",1843,393,2215,418,2053,585,1966,539,1986,539,2016,581
"광주광역시","전라북도",5549,-177,5798,-423,5632,-28,5618,-115,5288,-388,5072,-1114
"광주광역시","전라남도",33736,-1762,37356,-1586,40882,3304,35818,1311,35140,1256,35234,-1967
"광주광역시","경상북도",819,47,981,134,1008,88,835,104,829,45,826,-15
"광주광역시","경상남도",1475,103,1767,353,1643,188,1453,133,1242,-102,1284,-212
"광주광역시","제주특별자치도",822,55,1017,349,1156,363,1129,388,1191,293,1178,252
"대전광역시","전국",230547,-311,248397,8838,241390,20616,229883,10631,227624,16175,227632,14753
"대전광역시","서울특별시",14156,716,14172,769,13559,106,13726,1107,14118,2303,14221,2630
"대전광역시","부산광역시",1986,-139,2190,40,2054,-155,1807,-404,1762,-397,1608,-572
"대전광역시","대구광역시",1762,-457,1818,-436,1667,-418,1710,-239,1524,-454,1525,-542
"대전광역시","인천광역시",2662,-11,2621,-115,2516,-240,2463,-153,2458,-94,2577,314
"대전광역시","광주광역시",1247,-363,1248,-417,1321,-160,1089,-448,1026,-357,1135,-340
"대전광역시","대전광역시",148793,0,156961,0,139609,0,138876,0,131656,0,133318,0
"대전광역시","울산광역시",822,43,909,70,939,49,662,-322,621,-286,595,-249
"대전광역시","세종특별자치시",4012,1662,14093,11349,25788,22104,17575,12969,23707,17836,22180,15815
"대전광역시","경기도",15775,-57,15189,2,15354,88,15141,555,14807,872,15399,1987
"대전광역시","강원도",2737,-258,2400,-467,2423,-479,2213,-570,2302,-380,2094,-435
"대전광역시","충청북도",8308,-134,8256,-296,8265,516,7748,-169,7653,-361,7902,-3
"대전광역시","충청남도",16924,422,16552,-485,16030,479,15824,526,15321,239,14673,-676
"대전광역시","전라북도",3761,-748,4116,-456,3766,-630,3552,-751,3627,-977,3358,-1276
"대전광역시","전라남도",1755,-78,1799,-227,1798,-221,1672,-333,1603,-397,1569,-458
"대전광역시","경상북도",2773,-660,2851,-568,2914,-594,2767,-776,2600,-873,2599,-912
"대전광역시","경상남도",2389,-454,2483,-94,2420,-193,2174,-614,2004,-646,2063,-657
"대전광역시","제주특별자치도",685,205,739,169,967,364,884,253,835,147,816,127
"울산광역시","전국",157185,-2307,173229,-2786,170473,80,155812,7622,147116,11917,140576,12654
"울산광역시","서울특별시",6347,805,6458,411,6954,1004,6750,1648,6708,2448,6849,2763
"울산광역시","부산광역시",10589,-1011,11090,-1215,11255,-555,10246,231,10467,1044,9667,591
"울산광역시","대구광역시",3282,-551,3275,-560,3189,-486,3216,-50,3335,731,3056,455
"울산광역시","인천광역시",1054,-235,1085,2,1249,-110,1135,55,1033,71,1095,317
"울산광역시","광주광역시",379,-69,406,-112,482,-56,416,18,392,70,409,67
"울산광역시","대전광역시",779,-43,839,-70,890,-49,984,322,907,286,844,249
"울산광역시","울산광역시",107253,0,122133,0,116131,0,103342,0,94789,0,88692,0
"울산광역시","세종특별자치시",87,9,188,98,306,190,273,168,352,233,361,230
"울산광역시","경기도",5863,-60,5321,-747,5847,-242,5955,1243,6435,2625,6660,2700
"울산광역시","강원도",897,-198,989,-157,1128,25,1040,101,947,181,927,190
"울산광역시","충청북도",891,-282,891,26,1162,105,990,274,977,344,1193,617
"울산광역시","충청남도",1364,-12,1452,225,1555,87,1493,357,1648,701,1660,652
"울산광역시","전라북도",1198,81,1134,35,935,-456,839,7,740,-548,697,-402
"울산광역시","전라남도",972,-101,1064,23,1222,64,1099,122,1175,286,1091,214
"울산광역시","경상북도",7808,123,7801,-480,8715,73,8264,1357,7875,1489,8911,2751
"울산광역시","경상남도",8022,-807,8611,-365,8772,246,9026,1455,8521,1544,7671,937
"울산광역시","제주특별자치도",400,44,492,100,681,240,744,314,815,412,793,323
"세종특별자치시","전국",15109,-8696,23070,-33456,30950,-53044,35236,-29816,47383,-34690,55000,-31433
"세종특별자치시","서울특별시",1095,-1756,1497,-4984,2228,-5322,2812,-3131,3195,-2618,3724,-2137
"세종특별자치시","부산광역시",184,-77,235,-245,364,-565,343,-512,443,-419,530,-413
"세종특별자치시","대구광역시",109,-124,192,-334,219,-660,263,-379,340,-487,377,-510
"세종특별자치시","인천광역시",312,-280,322,-668,451,-1045,537,-861,632,-633,771,-354
"세종특별자치시","광주광역시",111,-128,195,-398,236,-690,237,-469,326,-451,314,-583
"세종특별자치시","대전광역시",2350,-1662,2744,-11349,3684,-22104,4606,-12969,5871,-17836,6365,-15815
"세종특별자치시","울산광역시",78,-9,90,-98,116,-190,105,-168,119,-233,131,-230
"세종특별자치시","세종특별자치시",4105,0,10455,0,13990,0,14546,0,23245,0,28450,0
"세종특별자치시","경기도",1602,-2372,1840,-5701,2585,-7087,3436,-3693,3755,-3251,4322,-2817
"세종특별자치시","강원도",238,-34,219,-271,316,-449,410,-300,482,-315,449,-421
"세종특별자치시","충청북도",1875,-919,1868,-4072,2308,-6753,2626,-2918,2815,-3455,2973,-3005
"세종특별자치시","충청남도",2205,-710,2344,-3759,2905,-5479,3351,-2517,3881,-2706,4167,-2531
"세종특별자치시","전라북도",245,-252,310,-597,411,-1011,633,-668,707,-844,689,-885
"세종특별자치시","전라남도",129,-133,186,-216,251,-448,316,-325,369,-348,444,-427
"세종특별자치시","경상북도",218,-135,269,-333,403,-574,440,-389,452,-556,556,-561
"세종특별자치시","경상남도",212,-72,241,-360,344,-618,411,-471,488,-546,464,-685
"세종특별자치시","제주특별자치도",41,-33,63,-71,139,-49,164,-46,263,8,274,-59
"경기도","전국",1821303,-74131,1834379,-57396,1898312,-94768,1824976,-133617,1772162,-116162,1871621,-170094
"경기도","서울특별시",246464,-94337,249701,-83084,239557,-119780,234357,-136403,234448,-107985,233320,-135216
"경기도","부산광역시",14261,-1670,15819,-804,14973,-1468,13485,-2916,12853,-2984,11904,-4801
"경기도","대구광역시",11009,-2650,10961,-1852,10043,-2279,9627,-2291,8872,-3482,8920,-4307
"경기도","인천광역시",74479,11148,71554,5651,71513,5160,65864,-900,61797,-6041,63361,-9571
"경기도","광주광역시",9851,-1044,10751,-1221,9323,-1465,8232,-1772,7739,-2073,7417,-3323
"경기도","대전광역시",15832,57,15187,-2,15266,-88,14586,-555,13935,-872,13412,-1987
"경기도","울산광역시",5923,60,6068,747,6089,242,4712,-1243,3810,-2625,3960,-2700
"경기도","세종특별자치시",3974,2372,7541,5701,9672,7087,7129,3693,7006,3251,7139,2817
"경기도","경기도",1274495,0,1275072,0,1346264,0,1301101,0,1259187,0,1366502,0
"경기도","강원도",29598,2391,29917,1710,30961,2723,29355,986,28698,1042,27502,-1900
"경기도","충청북도",22826,2743,23613,3916,23692,3617,22618,2815,22486,2653,23057,2108
"경기도","충청남도",36185,4651,37181,5256,37791,4514,37784,5730,39295,7938,37148,2529
"경기도","전라북도",18123,337,19776,1723,18131,578,17045,-1038,16612,-1463,14759,-3680
"경기도","전라남도",16302,652,17144,1486,16804,1055,15073,-939,14431,-718,14325,-1845
"경기도","경상북도",18618,-1197,18608,-520,20166,59,18022,-1676,16077,-3654,15073,-5884
"경기도","경상남도",15806,-426,16408,110,17483,538,15049,-1525,13661,-3473,13428,-4949
"경기도","제주특별자치도",7557,2782,9078,3787,10584,4739,10937,4417,11255,4324,10394,2615
"강원도","전국",214931,-2986,226284,-2085,222352,-4773,221592,-1892,209618,-2035,220252,3854
"강원도","서울특별시",19954,-647,20174,-999,20030,-2629,19877,-1713,19761,-1255,20417,859
"강원도","부산광역시",2020,-138,2183,98,2333,28,2167,63,2028,-193,1935,-8
"강원도","대구광역시",1701,-119,1549,-335,1735,-149,1818,70,1536,-121,1643,-33
"강원도","인천광역시",5071,-502,5148,-401,5058,-846,5080,-518,4663,-733,4832,-293
"강원도","광주광역시",805,-94,828,-126,945,-84,751,-76,730,-129,711,-19
"강원도","대전광역시",2995,258,2867,467,2902,479,2783,570,2682,380,2529,435
"강원도","울산광역시",1095,198,1146,157,1103,-25,939,-101,766,-181,737,-190
"강원도","세종특별자치시",272,34,490,271,765,449,710,300,797,315,870,421
"강원도","경기도",27207,-2391,28207,-1710,28238,-2723,28369,-986,27656,-1042,29402,1900
"강원도","강원도",136041,0,145250,0,140018,0,140921,0,130963,0,140086,0
"강원도","충청북도",4267,20,4440,-296,4706,-19,4890,470,4764,183,4650,561
"강원도","충청남도",3445,473,3550,465,3743,571,3316,294,3645,777,3373,438
"강원도","전라북도",1537,60,1470,-130,1577,-39,1464,-57,1378,-165,1289,-37
"강원도","전라남도",1416,-89,1521,-12,1589,-12,1497,-22,1405,-73,1290,-93
"강원도","경상북도",3878,-65,3916,13,3999,-70,3593,-222,3587,113,3361,-59
"강원도","경상남도",2541,-159,2731,182,2772,64,2483,-204,2312,-163,2192,-161
"강원도","제주특별자치도",686,175,814,271,839,232,934,240,945,252,935,133
"충청북도","전국",212860,-3113,213577,-2367,213188,-1438,197668,-5011,194915,-2262,213737,-5149
"충청북도","서울특별시",13209,-574,13291,-953,13197,-1182,13032,-1055,12961,-341,13783,377
"충청북도","부산광역시",1565,-171,1932,-36,1757,-266,1559,-318,1660,-390,1406,-574
"충청북도","대구광역시",1693,-265,1816,-210,1450,-507,1517,-254,1443,-381,1450,-567
"충청북도","인천광역시",3429,-743,3457,-753,3509,-1115,3308,-995,3416,-635,3394,-797
"충청북도","광주광역시",716,-66,904,-41,711,-259,647,-201,680,-230,729,-299
"충청북도","대전광역시",8442,134,8552,296,7749,-516,7917,169,8014,361,7905,3
"충청북도","울산광역시",1173,282,865,-26,1057,-105,716,-274,633,-344,576,-617
"충청북도","세종특별자치시",2794,919,5940,4072,9061,6753,5544,2918,6270,3455,5978,3005
"충청북도","경기도",20083,-2743,19697,-3916,20075,-3617,19803,-2815,19833,-2653,20949,-2108
"충청북도","강원도",4247,-20,4736,296,4725,19,4420,-470,4581,-183,4089,-561
"충청북도","충청북도",139959,0,136614,0,133264,0,124156,0,119825,0,138870,0
"충청북도","충청남도",6056,212,6304,38,6580,327,6056,359,6387,559,6087,239
"충청북도","전라북도",1834,-105,1773,-483,1753,-518,1692,-467,1770,-425,1696,-719
"충청북도","전라남도",1209,9,1191,-145,1344,-98,1233,-239,1232,-248,1133,-391
"충청북도","경상북도",3692,-235,3606,-506,3859,-366,3410,-731,3475,-569,3122,-1285
"충청북도","경상남도",2119,46,2057,-296,2259,-205,1751,-819,1726,-493,1731,-911
"충청북도","제주특별자치도",640,207,842,296,838,217,907,181,1009,255,839,56
"충청남도","전국",268053,-13375,279817,-9810,279680,-10272,271446,-15318,269337,-19401,282221,-10084
"충청남도","서울특별시",19680,-1806,19841,-1632,19144,-3155,18726,-3015,18582,-2438,19427,-999
"충청남도","부산광역시",2328,-581,2920,-744,2548,-616,2210,-950,2303,-939,2086,-967
"충청남도","대구광역시",2038,-561,2157,-525,1999,-510,1780,-543,1754,-824,1737,-773
"충청남도","인천광역시",6793,-1959,6784,-2180,6636,-2465,6407,-2321,6251,-2479,6365,-1829
"충청남도","광주광역시",1450,-393,1797,-418,1468,-585,1427,-539,1447,-539,1435,-581
"충청남도","대전광역시",16502,-422,17037,485,15551,-479,15298,-526,15082,-239,15349,676
"충청남도","울산광역시",1376,12,1227,-225,1468,-87,1136,-357,947,-701,1008,-652
"충청남도","세종특별자치시",2915,710,6103,3759,8384,5479,5868,2517,6587,2706,6698,2531
"충청남도","경기도",31534,-4651,31925,-5256,33277,-4514,32054,-5730,31357,-7938,34619,-2529
"충청남도","강원도",2972,-473,3085,-465,3172,-571,3022,-294,2868,-777,2935,-438
"충청남도","충청북도",5844,-212,6266,-38,6253,-327,5697,-359,5828,-559,5848,-239
"충청남도","충청남도",159556,0,165101,0,163496,0,163006,0,161612,0,169665,0
"충청남도","전라북도",5595,-336,5451,-616,5563,-696,5278,-818,5257,-899,5332,-978
"충청남도","전라남도",2596,-853,2618,-472,2593,-796,2573,-808,2481,-1042,2584,-927
"충청남도","경상북도",3118,-1346,3437,-1130,3554,-957,2934,-1035,2907,-1339,2982,-1274
"충청남도","경상남도",2894,-690,3153,-511,3480,-191,2867,-869,2804,-1697,2986,-1268
"충청남도","제주특별자치도",862,186,915,158,1094,198,1163,329,1270,303,1165,163
"전라북도","전국",260395,2197,276900,2563,264662,2830,252607,4419,239253,7206,257097,13773
"전라북도","서울특별시",15495,586,15902,1336,14830,-5,14993,1158,14930,1751,15664,3675
"전라북도","부산광역시",1471,-48,1621,21,1731,51,1582,-22,1545,-21,1344,11
"전라북도","대구광역시",1018,33,880,-116,861,-79,893,-27,816,-95,863,23
"전라북도","인천광역시",3871,294,3588,-157,3395,-186,3415,-341,3516,14,3724,637
"전라북도","광주광역시",5726,177,6221,423,5660,28,5733,115,5676,388,6186,1114
"전라북도","대전광역시",4509,748,4572,456,4396,630,4303,751,4604,977,4634,1276
"전라북도","울산광역시",1117,-81,1099,-35,1391,456,832,-7,1288,548,1099,402
"전라북도","세종특별자치시",497,252,907,597,1422,1011,1301,668,1551,844,1574,885
"전라북도","경기도",17786,-337,18053,-1723,17553,-578,18083,1038,18075,1463,18439,3680
"전라북도","강원도",1477,-60,1600,130,1616,39,1521,57,1543,165,1326,37
"전라북도","충청북도",1939,105,2256,483,2271,518,2159,467,2195,425,2415,719
"전라북도","충청남도",5931,336,6067,616,6259,696,6096,818,6156,899,6310,978
"전라북도","전라북도",189665,0,203725,0,193076,0,181657,0,167338,0,183346,0
"전라북도","전라남도",5452,-59,5770,186,5304,-247,5496,-474,5458,-435,5690,103
"전라북도","경상북도",1545,90,1499,88,1508,-62,1381,-15,1339,-51,1352,63
"전라북도","경상남도",2171,-48,2316,43,2329,181,2045,-151,2109,-12,2000,-59
"전라북도","제주특별자치도",725,209,824,215,1060,377,1117,384,1114,346,1131,229
"전라남도","전국",246635,2306,260874,596,246168,-3936,237337,3205,230551,3047,232414,8030
"전라남도","서울특별시",14595,408,14607,16,13884,-714,14568,1503,13665,1239,13915,2706
"전라남도","부산광역시",3148,-219,3278,1,3308,-278,3279,-101,3184,-85,3077,-292
"전라남도","대구광역시",986,38,921,-64,873,-80,959,52,905,8,1021,37
"전라남도","인천광역시",3482,-269,3557,-291,3496,-380,3537,14,3466,261,3509,420
"전라남도","광주광역시",35498,1762,38942,1586,37578,-3304,34507,-1311,33884,-1256,37201,1967
"전라남도","대전광역시",1833,78,2026,227,2019,221,2005,333,2000,397,2027,458
"전라남도","울산광역시",1073,101,1041,-23,1158,-64,977,-122,889,-286,877,-214
"전라남도","세종특별자치시",262,133,402,216,699,448,641,325,717,348,871,427
"전라남도","경기도",15650,-652,15658,-1486,15749,-1055,16012,939,15149,718,16170,1845
"전라남도","강원도",1505,89,1533,12,1601,12,1519,22,1478,73,1383,93
"전라남도","충청북도",1200,-9,1336,145,1442,98,1472,239,1480,248,1524,391
"전라남도","충청남도",3449,853,3090,472,3389,796,3381,808,3523,1042,3511,927
"전라남도","전라북도",5511,59,5584,-186,5551,247,5970,474,5893,435,5587,-103
"전라남도","전라남도",151466,0,161491,0,147703,0,140958,0,137172,0,134973,0
"전라남도","경상북도",1769,164,1824,-6,1826,29,1795,10,1745,57,1652,-43
"전라남도","경상남도",4160,-277,4410,-269,4551,-191,4357,-253,3977,-474,3826,-625
"전라남도","제주특별자치도",1048,47,1174,246,1341,279,1400,273,1424,322,1290,36
"경상북도","전국",330983,1865,338029,988,345307,577,318803,3151,316642,5581,318671,9225
"경상북도","서울특별시",16561,2141,16796,2340,16478,1365,16087,1851,15681,3217,16459,4442
"경상북도","부산광역시",9209,-567,10514,50,10473,-295,9284,-116,8896,-200,8589,-174
"경상북도","대구광역시",42776,-2259,47044,-4808,43828,-3072,39505,-1939,39231,-2483,40245,-2499
"경상북도","인천광역시",3773,-171,3938,-12,3773,-209,3557,-32,3488,136,3662,489
"경상북도","광주광역시",772,-47,847,-134,920,-88,731,-104,784,-45,841,15
"경상북도","대전광역시",3433,660,3419,568,3508,594,3543,776,3473,873,3511,912
"경상북도","울산광역시",7685,-123,8281,480,8642,-73,6907,-1357,6386,-1489,6160,-2751
"경상북도","세종특별자치시",353,135,602,333,977,574,829,389,1008,556,1117,561
"경상북도","경기도",19815,1197,19128,520,20107,-59,19698,1676,19731,3654,20957,5884
"경상북도","강원도",3943,65,3903,-13,4069,70,3815,222,3474,-113,3420,59
"경상북도","충청북도",3927,235,4112,506,4225,366,4141,731,4044,569,4407,1285
"경상북도","충청남도",4464,1346,4567,1130,4511,957,3969,1035,4246,1339,4256,1274
"경상북도","전라북도",1455,-90,1411,-88,1570,62,1396,15,1390,51,1289,-63
"경상북도","전라남도",1605,-164,1830,6,1797,-29,1785,-10,1688,-57,1695,43
"경상북도","경상북도",201206,0,201259,0,209109,0,193354,0,193235,0,192155,0
"경상북도","경상남도",9092,-626,9413,-127,10089,86,8826,-431,8530,-790,8377,-637
"경상북도","제주특별자치도",914,133,965,237,1231,328,1376,445,1357,363,1531,385
"경상남도","전국",423864,-3794,456164,-6075,450279,-5105,410180,-1772,409200,-3979,395524,5810
"경상남도","서울특별시",16841,2394,17144,2345,16781,1561,17169,3452,17312,4620,17872,6169
"경상남도","부산광역시",46232,-9518,50672,-9186,51578,-6644,46877,-11010,47218,-17896,42235,-11581
"경상남도","대구광역시",8643,-298,8485,-889,8659,-263,9028,715,8646,942,8601,917
"경상남도","인천광역시",3353,23,3266,-204,3464,-206,3267,326,3390,471,3279,567
"경상남도","광주광역시",1372,-103,1414,-353,1455,-188,1320,-133,1344,102,1496,212
"경상남도","대전광역시",2843,454,2577,94,2613,193,2788,614,2650,646,2720,657
"경상남도","울산광역시",8829,807,8976,365,8526,-246,7571,-1455,6977,-1544,6734,-937
"경상남도","세종특별자치시",284,72,601,360,962,618,882,471,1034,546,1149,685
"경상남도","경기도",16232,426,16298,-110,16945,-538,16574,1525,17134,3473,18377,4949
"경상남도","강원도",2700,159,2549,-182,2708,-64,2687,204,2475,163,2353,161
"경상남도","충청북도",2073,-46,2353,296,2464,205,2570,819,2219,493,2642,911
"경상남도","충청남도",3584,690,3664,511,3671,191,3736,869,4501,1697,4254,1268
"경상남도","전라북도",2219,48,2273,-43,2148,-181,2196,151,2121,12,2059,59
"경상남도","전라남도",4437,277,4679,269,4742,191,4610,253,4451,474,4451,625
"경상남도","경상북도",9718,626,9540,127,10003,-86,9257,431,9320,790,9014,637
"경상남도","경상남도",293031,0,319925,0,311708,0,277204,0,275875,0,265997,0
"경상남도","제주특별자치도",1473,195,1748,525,1852,352,2444,996,2533,1032,2291,511
"제주특별자치도","전국",81028,-7823,81396,-11112,83323,-14257,92193,-14632,91022,-14005,95349,-8853
"제주특별자치도","서울특별시",5410,-2418,5739,-3292,6351,-4083,6634,-3831,7209,-3195,7720,-2109
"제주특별자치도","부산광역시",1576,-420,1742,-389,1773,-962,1853,-1095,2029,-964,1980,-846
"제주특별자치도","대구광역시",620,-227,631,-430,734,-583,823,-571,1003,-628,1032,-539
"제주특별자치도","인천광역시",1167,-553,1222,-719,1287,-989,1414,-961,1552,-1161,1738,-588
"제주특별자치도","광주광역시",767,-55,668,-349,793,-363,741,-388,898,-293,926,-252
"제주특별자치도","대전광역시",480,-205,570,-169,603,-364,631,-253,688,-147,689,-127
"제주특별자치도","울산광역시",356,-44,392,-100,441,-240,430,-314,403,-412,470,-323
"제주특별자치도","세종특별자치시",74,33,134,71,188,49,210,46,255,-8,333,59
"제주특별자치도","경기도",4775,-2782,5291,-3787,5845,-4739,6520,-4417,6931,-4324,7779,-2615
"제주특별자치도","강원도",511,-175,543,-271,607,-232,694,-240,693,-252,802,-133
"제주특별자치도","충청북도",433,-207,546,-296,621,-217,726,-181,754,-255,783,-56
"제주특별자치도","충청남도",676,-186,757,-158,896,-198,834,-329,967,-303,1002,-163
"제주특별자치도","전라북도",516,-209,609,-215,683,-377,733,-384,768,-346,902,-229
"제주특별자치도","전라남도",1001,-47,928,-246,1062,-279,1127,-273,1102,-322,1254,-36
"제주특별자치도","경상북도",781,-133,728,-237,903,-328,931,-445,994,-363,1146,-385
"제주특별자치도","경상남도",1278,-195,1223,-525,1500,-352,1448,-996,1501,-1032,1780,-511
"제주특별자치도","제주특별자치도",60607,0,59673,0,59036,0,66444,0,63275,0,65013,0
